﻿<ManagementPack ContentReadable="true" SchemaVersion="2.0" OriginalSchemaVersion="1.1" xmlns:xsd="http://www.w3.org/2001/XMLSchema" xmlns:xsl="http://www.w3.org/1999/XSL/Transform">
  <Manifest>
    <Identity>
      <ID>Cireson.ManualActivity.SupportGroupExtension</ID>
      <Version>1.0.0.1</Version>
    </Identity>
    <Name>Cireson.ManualActivity.SupportGroupExtension</Name>
    <References>
      <Reference Alias="System">
        <ID>System.Library</ID>
        <Version>7.5.8501.0</Version>
        <PublicKeyToken>31bf3856ad364e35</PublicKeyToken>
      </Reference>
      <Reference Alias="Console">
        <ID>Microsoft.EnterpriseManagement.ServiceManager.UI.Console</ID>
        <Version>7.5.3079.0</Version>
        <PublicKeyToken>31bf3856ad364e35</PublicKeyToken>
      </Reference>
      <Reference Alias="Alias_b39b3483_893b_49ff_bd51_fa5b58c5d5f1">
        <ID>System.WorkItem.Activity.Library</ID>
        <Version>7.5.3079.0</Version>
        <PublicKeyToken>31bf3856ad364e35</PublicKeyToken>
      </Reference>
      <Reference Alias="Alias_f7111975_8c00_4d1e_9e43_ea0d007bfe3f">
        <ID>Microsoft.EnterpriseManagement.ServiceManager.UI.Authoring</ID>
        <Version>7.5.3079.0</Version>
        <PublicKeyToken>31bf3856ad364e35</PublicKeyToken>
      </Reference>
    </References>
  </Manifest>
  <TypeDefinitions>
    <EntityTypes>
      <ClassTypes>
        <ClassType ID="ClassType_Cireson.ManualActivity.SupportGroupExtension" Accessibility="Public" Abstract="false" Base="Alias_b39b3483_893b_49ff_bd51_fa5b58c5d5f1!System.WorkItem.Activity.ManualActivity" Hosted="false" Singleton="false" Extension="true">
          <Property ID="SupportGroup" Type="enum" AutoIncrement="false" Key="false" CaseSensitive="false" MaxLength="256" MinLength="0" Required="false" Scale="0" EnumType="ManualActivitySupportGroupEnum" />
        </ClassType>
      </ClassTypes>
      <EnumerationTypes>
        <EnumerationValue ID="ManualActivitySupportGroupEnum" Accessibility="Public" />
      </EnumerationTypes>
    </EntityTypes>
  </TypeDefinitions>
  <Categories>
    <Category ID="Cireson.ManualActivity.SupportGroupExtension.Category" Value="Console!Microsoft.EnterpriseManagement.ServiceManager.ManagementPack">
      <ManagementPackName>Cireson.ManualActivity.SupportGroupExtension</ManagementPackName>
      <ManagementPackVersion>1.0.0.0</ManagementPackVersion>
    </Category>
    <Category ID="CategoryId_edab2286_52f4_4efe_aba1_d140e9baf69c" Target="ManualActivitySupportGroupEnum" Value="Alias_f7111975_8c00_4d1e_9e43_ea0d007bfe3f!Microsoft.EnterpriseManagement.ServiceManager.UI.Authoring.EnumerationViewTasks" />
    <Category ID="CategoryId_c764f8a7_48ee_44d3_bfba_b0b382ca0f24" Target="ManualActivitySupportGroupEnum" Value="System!VisibleToUser" />
  </Categories>
  <LanguagePacks>
    <LanguagePack ID="ENU" IsDefault="true">
      <DisplayStrings>
        <DisplayString ElementID="Cireson.ManualActivity.SupportGroupExtension">
          <Name>Cireson.ManualActivity.SupportGroupExtension</Name>
        </DisplayString>
        <DisplayString ElementID="ClassType_Cireson.ManualActivity.SupportGroupExtension">
          <Name>Cireson Support Group Extension of Manual Activity</Name>
          <Description>Cireson Support Group Extension of class Manual Activity</Description>
        </DisplayString>
        <DisplayString ElementID="ClassType_Cireson.ManualActivity.SupportGroupExtension" SubElementID="SupportGroup">
          <Name>SupportGroup</Name>
        </DisplayString>
        <DisplayString ElementID="ManualActivitySupportGroupEnum">
          <Name>Manual Activity Support Group</Name>
          <Description>Manual Activity Support Group list (Cireson)</Description>
        </DisplayString>
      </DisplayStrings>
    </LanguagePack>
  </LanguagePacks>
</ManagementPack>