﻿<ManagementPack ContentReadable="true" SchemaVersion="2.0" OriginalSchemaVersion="1.1" xmlns:xsd="http://www.w3.org/2001/XMLSchema" xmlns:xsl="http://www.w3.org/1999/XSL/Transform">
  <Manifest>
    <Identity>
      <ID>Cireson.ChangeRequest.SupportGroupExtension</ID>
      <Version>1.0.0.1</Version>
    </Identity>
    <Name>Cireson.ChangeRequest.SupportGroupExtension</Name>
    <References>
      <Reference Alias="System">
        <ID>System.Library</ID>
        <Version>7.5.8501.0</Version>
        <PublicKeyToken>31bf3856ad364e35</PublicKeyToken>
      </Reference>
      <Reference Alias="Console">
        <ID>Microsoft.EnterpriseManagement.ServiceManager.UI.Console</ID>
        <Version>7.5.3079.0</Version>
        <PublicKeyToken>31bf3856ad364e35</PublicKeyToken>
      </Reference>
      <Reference Alias="Alias_0ec4e8d1_a5a2_46fe_8542_ca69c67d2dcb">
        <ID>System.WorkItem.ChangeRequest.Library</ID>
        <Version>7.5.3079.0</Version>
        <PublicKeyToken>31bf3856ad364e35</PublicKeyToken>
      </Reference>
      <Reference Alias="Alias_c8f409fd_99ca_4f31_b14e_55a4986bd21c">
        <ID>Microsoft.EnterpriseManagement.ServiceManager.UI.Authoring</ID>
        <Version>7.5.3079.0</Version>
        <PublicKeyToken>31bf3856ad364e35</PublicKeyToken>
      </Reference>
    </References>
  </Manifest>
  <TypeDefinitions>
    <EntityTypes>
      <ClassTypes>
        <ClassType ID="ClassType_Cireson.ChangeRequest.SupportGroupExtension" Accessibility="Public" Abstract="false" Base="Alias_0ec4e8d1_a5a2_46fe_8542_ca69c67d2dcb!System.WorkItem.ChangeRequest" Hosted="false" Singleton="false" Extension="true">
          <Property ID="SupportGroup" Type="enum" AutoIncrement="false" Key="false" CaseSensitive="false" MaxLength="256" MinLength="0" Required="false" Scale="0" EnumType="ChangeRequestSupportGroupEnum" />
        </ClassType>
      </ClassTypes>
      <EnumerationTypes>
        <EnumerationValue ID="ChangeRequestSupportGroupEnum" Accessibility="Public" />
      </EnumerationTypes>
    </EntityTypes>
  </TypeDefinitions>
  <Categories>
    <Category ID="Cireson.ChangeRequest.SupportGroupExtension.Category" Value="Console!Microsoft.EnterpriseManagement.ServiceManager.ManagementPack">
      <ManagementPackName>Cireson.ChangeRequest.SupportGroupExtension</ManagementPackName>
      <ManagementPackVersion>1.0.0.0</ManagementPackVersion>
    </Category>
    <Category ID="CategoryId_ecccce13_acea_4e20_a484_a263a0d1eb4a" Target="ChangeRequestSupportGroupEnum" Value="Alias_c8f409fd_99ca_4f31_b14e_55a4986bd21c!Microsoft.EnterpriseManagement.ServiceManager.UI.Authoring.EnumerationViewTasks" />
    <Category ID="CategoryId_2a20489f_9695_4c67_b7b2_c80c1a371ceb" Target="ChangeRequestSupportGroupEnum" Value="System!VisibleToUser" />
  </Categories>
  <LanguagePacks>
    <LanguagePack ID="ENU" IsDefault="true">
      <DisplayStrings>
        <DisplayString ElementID="Cireson.ChangeRequest.SupportGroupExtension">
          <Name>Cireson.ChangeRequest.SupportGroupExtension</Name>
        </DisplayString>
        <DisplayString ElementID="ClassType_Cireson.ChangeRequest.SupportGroupExtension">
          <Name>Cireson Support Group Extension of Change Request</Name>
          <Description>Cireson Support Group Extension of class Change Request</Description>
        </DisplayString>
        <DisplayString ElementID="ClassType_Cireson.ChangeRequest.SupportGroupExtension" SubElementID="SupportGroup">
          <Name>SupportGroup</Name>
        </DisplayString>
        <DisplayString ElementID="ChangeRequestSupportGroupEnum">
          <Name>Change Request Support Group</Name>
          <Description>Change Request Support Group list (Cireson)</Description>
        </DisplayString>
      </DisplayStrings>
    </LanguagePack>
  </LanguagePacks>
</ManagementPack>